SITEID;Nombre de Sitio;Torrero;Nombre Torrero
3970010;POTONICO TX;TORRECOM;POTONICO TX
3970017;NODO SAN MIGUEL METROCENTRO;MOVISTAR;NODO SAN MIGUEL METROCENTRO
391399;NODO GOTERA;MOVISTAR;NODO GOTERA
390201;ZACATECOLUCA ;MOVISTAR;ZACATECOLUCA
390202;EL PEDREGAL ;MECOM SA DE CV;El Pedregal
390203;SAN RAFAEL OBRAJUELOS ;TORRECOM;TSVTF08294 SAN RAFAEL OBRAJUELOS
390204;AEROPUERTO ;MOVISTAR;AEROPUERTO
390205;COMALAPA ;SBA;ES61391-A Comalapa (ES-0001)
390206;OLOCUILTA (Nodo);MOVISTAR;TES0043 Olocuilta
390207;COSTA DEL SOL II ;SBA;ES61392-A Costa del Sol II
390208;COSTA DEL SOL III ;MECOM SA DE CV;COSTA DEL SOL III
390209;EL PLAYON ;SBA;ES61393-A El Playon
390210;COSTA DEL SOL I ;PHOENIX;SV-PA-1073 Costa del Sol I
390211;AEROPUERTO INTERNACIONAL;MOVISTAR;Aeropuerto Internacional/ Zona pasajeros
390213;SAN PEDRO MASAHUAT ;SBA;ES61395-A San Pedro Masahuat
390214;MIRAMAR;SBA;ES18DF5-A Zona Franca Miramar
390215;JERUSALEN ;SBA;ES61396-A Jerusalem
390216;CUYULTITAN;TORRECOM;TSVTF08307 CUYULTITAN
390217;SAN ANTONIO MASAHUAT;SBA;ES61397-A San Antonio Masahuat
390218;ZACATECOLUCA CATEDRAL ;MOVISTAR;ZACATECOLUCA CATEDRAL
390219;CARRETERA TECOLUCA (LA JOYA) ;PHOENIX;SV-PA-1069 La Joya
390220;COSTA DEL SOL 4 ;SBA;ES61333-A Costa del Sol
390221;SANTIAGO NONUALCO ;TORRECOM;Santiago Nonualco
390222;SAN PEDRO NONUALCO ;SBA;ES61398-A San Pedro Nonualco
390223;SAN JUAN TEZONTES;PHOENIX;SV-PA-1072 SAN JUAN TEPEZONTES
390224;SAN JUAN TALPA ;TORRECOM;TSVTF08309 SAN JUAN TALPA
390225;SAN EMIGDIO;TORRECOM;TSVTF08310 SAN EMIGDIO
390226;ZONA DE CARGA AEROPUERTO ;MOVISTAR;Zona de Carga Aeropuerto
390227;SAN LUIS LA HERRADURA ;TETRA;La Herradura
390229;LAS ISLETAS ;INTELFON;La Herradura
390230;SAN JUAN NONUALCO ;SBA;ES63872-A San Juan Nonualco
390231;ENTRE RIOS ;SBA;ES62527-A Entre Rios
390232;ZACATECOLUCA 2 ;TETRA;4-008-SV Zacatecoluca 2
390233;MONTELIMAR ;SBA;s
390234;VALLA CARRETERA A COMALAPA KM 33;COLITE EL SALVADOR;VALLA Km 33 CARR. AL AEROPUERTO
390235;ROSARIO DE LA PAZ;SBA;ES58582-A Rosario De La Paz
390236;COSTA REAL ;SBA;ES62289-B Costa Real
390237;LA PALMA SRO ;SBA;ES62290-B La Palma SRO
390238;AMATECAMPO ;SBA;ES58543-A Amatecampo (La Zunganera)
390239;HACIENDA SANTO TOMAS ;SBA;ES18E7B-A Hacienda Santo Tomas
390240;SAN FRANCISCO CHINAMECA;SBA;ES58438-A San Francisco Chinameca
390241;SAN LUIS TALPA ;SBA;ES18E7A-A San Luis Talpa
390242;SAN MARCELINO ;TETRA;PaseoÿdelÿSol
390243;TIHUILOCOYO;SBA;ES18E8A-A El Cauca/Tihuilocoyo
390246;SAN SEBASTIAN ARRIBA;SBA;ES63517-B San Sebastian Arriba
390247;SANTA MARIA OSTUMA ;TETRA;Santa Maria de Ostuma
390248;EL CHILE ;TETRA;El Chile El Chile
390249;ZACATECOLUCA 12 ;SBA;ES58226-A Zacatecoluca 12
390250;EL MIRADOR;TETRA;El Mirador
390251;HOTEL QUALITY ;MOVISTAR;Hotel Quality
390252;GUADALUPE LZ;TETRA;Guadalupe La Zorra Guadalupe La Zorra
390253;PARAISO DE OSORIO ;TETRA;Paraiso de Osorio
390255;AEROMAN ;TORRECOM;TSVDG08001 Aeroman
390256;PLAZA LOS COCOS ;PHOENIX;SV-PA-1013 DESVIO  ZACATECOLUCA
390301;SUCHITOTO ;TORRECOM;TSVTF07293 SUCHITOTO
390302;COJUTEPEQUE ;TORRECOM;TSVTF07311 COJUTEPEQUE
390303;EL CARMEN CUSCATLAN ;PHOENIX;SV-CU-1035 San Rafael Cedros
390304;SAN PEDRO PERULAPAN ;SBA;ES61399-A San Pedro Perulapan
390305;TENANCINGO ;SBA;ES61400-A Tenancingo
390306;SANTA CRUZ ANALQUITO ;SBA;ES61401-A Santa Cruz Analquito
390307;ORATORIO DE CONCEPCION ;TORRECOM;TSVTF07312 ORATORIO DE CONCEPCION
390308;SANTA CRUZ MICHAPA ;TORRECOM;TSVTF07313 SANTA CRUZ MICHAPA
390309;COJUTEPEQUE 2 ;TETRA;Cojutepeque 2
390310;SAN RAMON ;SBA;ES58507-A SAN RAMON, CUSCATLµN
390311;SAN JOSE GUAYABAL;PHOENIX;SV-CU-1004 San Jos‚ Guayabal
390312;SAN RAFAEL CEDROS ;SBA;ES18F17-A San Rafael Cedros
390313;CANDELARIA CUSCATLAN ;PHOENIX;SV-CU-1005 CANDELARIA
390314;ORATORIO DE CONCEPCION 2;SBA;ES58508-A Oratorio De Concepcion
390315;TECOLUCO ;SBA;ES58148-A Tecoluco
390316;PERULAPAN ;SBA;ES62430-B Perulapan 2
390318;COJUTEPEQUE 3 ;SBA;ES68486-B COJUTEPEQUE
390321;MONTE SAN JUAN;TETRA;Monte San Juan
390322;EL PORVENIR 2;TETRA;El Porvenir
390426;CANGREJERA ;PHOENIX;SV-LI-1162 CANGREJERA 2
390501;ILOBASCO ;PHOENIX;SV-CA-1034 ILOBASCO
390502;SENSUNTEPEQUE ;TORRECOM;TSVTF09295 SENSUNTEPEQUE
390503;VILLA DOLORES;TORRECOM;TSVTF09319 VILLA DOLORES
390504;TEJUTEPEQUE ;SBA;ES61410-A Tejutepeque
390505;GUACOTECTI ;SBA;ES58664-A San Francisco El Dorado
390506;QUESERA ABAJO ;TETRA;Quesera Abajo
390507;SAN ISIDRO ;TORRECOM;TSVTF09320 SAN ISIDRO
390508;ILOBASCO 2 ;SBA;ES58408-A Ilobasco 2
390509;ILOBASCO 3 ;SBA;ES58263-A Ilobasco 3
390510;LA LABOR ;SBA;ES18E03-A La Labor
390511;SENSUNTEPEQUE_2 ;TETRA;Sensuntepequeÿ2
390512;VICTORIA;SBA;ES58704-A Victoria
390513;VICTORIA 2 ;SBA;ES58411-A Victoria 2
390514;EMBALSE;SBA;ES63797-B EMBALSE
390515;ILOBASCO CENTRO ;TORRECOM;TSVTF09040 Ilobasco Centro
390516;CERRON GRANDE;TETRA;San Sebastian Cerron Grande
390517;LOS HOYOS;TETRA;LOS HOYOS
390518;SENSUNTEPEQUE CENTRO ;TORRECOM;TSVTF09087 Sensuntepeque Centro
390601;SAN MIGUEL I ;TORRECOM;TSVTF12321 SAN MIGUEL I
390602;SAN MIGUEL II ;MOVISTAR;SAN MIGUEL II
390603;SAN MIGUEL III ;TORRECOM;TSVTF12323 SAN MIGUEL III
390604;LOLOTIQUE ;TORRECOM;TSVTF12324 LOLOTIQUE
390605;SAN LUIS LA REINA ;SBA;ES61411-A San Luis La Reina
390606;EL SITIO ;TORRECOM;TSVTF12325 EL SITIO
390607;SANTA ANITA ;SBA;ES61413-A Santa Anita, San Miguel
390608;MIRAFLORES ;SBA;ES61414-A Miraflores
390609;CHINAMECA ;TORRECOM;TSVTF12326 CHINAMECA
390610;EL DELIRIO ;TORRECOM;TSVTF12298 EL DELIRIO
390611;EL CUCO ;TORRECOM;El Cuco
390612;EL TRANSITO ;TORRECOM;TSVTF12327 EL TRANSITO
390613;EL TRANSITO II ;SBA;ES61416-A El Transito II
390614;CIUDAD BARRIOS ;SBA;ES18EC6-A Ciudad Barrios 3
390615;TECOMATAL ;SBA;ES61417-A Tecomatal
390616;SAN MIGUEL V ;PHOENIX;SV-SM-1001 San Miguel 4
390618;NUEVO EDEN DE SAN JUAN;TORRECOM;TSVTF12328 NUEVO EDEN DE SAN JUAN
390619;ULUAZAPA;SBA;ES61418-A Uluazapa
390620;COMACARAN;SBA;ES61419-A Comacaran
390621;SAN MIGUEL 4 CENTRO ;MOVISTAR;San Miguel 4 (Centro) 
390622;CHAPELTIQUE ;TORRECOM;TSVTF12329 CHAPELTIQUE
390623;EL JOCOTAL ;SBA;ES61420-A El Jocotal
390624;CHIRILAGUA ;TORRECOM;CHIRILAGUA
390625;SAN MIGUEL 6 ;TORRECOM;TSVTF12331 SAN MIGUEL 6
390626;SAN MIGUEL 7 ;PHOENIX;SV-SM-1134 SAN MIGUEL 7
390627;SAN MIGUEL 15 DE SEPTIEMBRE ;SITES;SAN MIGUEL II SV-03-0879-04
390628;QUELEPA ;TETRA;Quelepa
390629;SAN ANTONIO SILVA ;SBA;ES18E1D-A San Antonio Silva
390630;SAN MIGUEL 43 ;SBA;ES58281-A San Miguel 43
390631;SAN MIGUEL 28 ;PHOENIX;SV-SM-1101 La Carmenza
390632;SAN MIGUEL 38 ;PHOENIX;SV-SM-1005 San Miguel 6
390633;SAN MIGUEL NORTE ;PHOENIX;SV-SM-1131 SAN MIGUEL NORTE
390634;SAN JORGE ;SBA;ES58637-A San Jorge
390635;ARAMUACA ;TETRA;Aramuaca Aramuaca
390636;CAROLINA ;SBA;ES18E1A-A Carolina Pueblo
390637;EL PLATANAR CHAPELTIQUE ;SBA;ES18E4B-A Entrada El Platanar
390638;MONCAGUA 2 ;SBA;ES18E85-A Moncagua 2
390639;QUELEPA 2;SBA;ES18E51-A Quelepa
390640;LLANO EL ANGEL;SBA;ES18F21-A Llano El Angel
390641;MOROPALA ;SBA;ES58295-A Moropala
390642;LAS MARIAS CHINAMECA;SBA;ES58173-A Las Marias Chinameca
390643;RUTA MILITAR (HATO NUEVO) ;SBA;ES58579-A Hato Nuevo Volcano
390644;SAN MIGUEL 49;SBA;ES58268-A San Miguel 49
390645;EL PAPALON ;SBA;ES18E40-A San Miguel 18 El Papalon
390646;SESORI;PHOENIX;SV-SM-1133 SESORI
390647;EL CAPULIN;SBA;ES62427-B El Capulin
390648;AGUA ZARCA ;SBA;ES18F1E-A San Miguel 19 Agua Sarca
390649;POTOSI TETRA;TETRA;Potosi
390650;EL TRANSITO 3 ;SBA;ES68661-B El Tr nsito
390651;PRIMAVERA ;PHOENIX;SV-SM-1128 El Transito Primavera
390652;CHILANGUERA SBA;SBA;ES63500-B Canton Chilanguera
390653;SAN MIGUEL 2 (REUBICACION) ;SBA;ES18DC9-A San Miguel 2
390654;SAN GERARDO;SBA;ES18E0C-A San Gerardo
390655;ESTADIO BARRAZA TETRA ;TETRA;Estadio Barraza
390656;SAN MIGUEL 50 GUALUCA;TETRA;4-100-SV Gualuca
390657;SAN MIGUEL 53 LOS PILONES;SBA;ES18E69-A San Miguel 53 Los Pilones
390658;TIERRA BLANCA CHIRILAGUA ;SBA;ES58429-A Tierra Blanca Chirilagua
390662;LA PRESITA (SAN MIGUEL) ;PHOENIX;SV-SM-1099 Colonia La Presita 2
390663;COLONIA SANTA MARIA SAN MIGUEL ;PHOENIX;SV-SM-1100 Los Jazmines
391001;NUEVA CONCEPCION ;TORRECOM;TSVTF04289 NUEVA CONCEPCION
391002;LA PALMA ;MOVISTAR;La Palma
391003;CHALATENANGO;TORRECOM;TSVTF04355 CHALATENANGO 
391004;TEJUTLA ;SBA;ES61440-A Tejutla
391005;DULCE NOMBRE DE MARIA;SBA;ES61441-A Dulce Nombre de Maria
391006;SAN RAFAEL;SBA;ES61442-A San Rafael
391007;LAS VUELTAS;TORRECOM;TSVTF04356 LAS VUELTAS
391008;SAN FRANSCISCO MORAZAN ;MOVISTAR;San Francisco Morazan
391009;COMALAPA (CHALATENANGO);SBA;ES61444-A Comalapa (Chalatenango)
391010;CITALA ;SBA;ES61445-A Citala
391011;SANTA RITA;SBA;ES61446-A Santa Rita (ES-0074)
391012;SAN FRANCISCO LEMPA;SBA;ES61447-A San Francisco Lempa
391013;SAN ANTONIO DE LA CRUZ;PHOENIX;SV-CH-1068 SAN ANTONIO DE LA CRUZ
391014;SAN LUIS DEL CARMEN;SBA;ES61448-A San Luis del Carmen
391015;SAN FERNANDO (CHALATENANGO);SBA;ES61449-A San Fernando (Chalatenango)
391016;NOMBRE DE JESUS;SBA;ES61450-A Nombre de Jesus
391017;SAN ISIDRO LABRADOR;TORRECOM;TSVTF04358 SAN ISIDRO LABRADOR
391018;SAN JOSE LAS FLORES (CH) ;MOVISTAR;SAN JOSE LAS FLORES
391019;NUEVA TRINIDAD;SBA;ES61451-A Nueva Trinidad
391020;SAN JOSE CANCASQUE;SBA;ES61452-A San Jose Cancasque
391021;SAN ANTONIO LOS RANCHOS ;TORRECOM;TSVTF04360 SAN ANTONIO LOS RANCHOS
391022;EL CARRIZAL;SBA;ES58444-A El Carrizal
391023;LA REINA;SBA;ES61453-A La Reina
391024;CONCEPCION QUEZALTEPEQUE ;PHOENIX;SV-UN-1087 Concepcion Quezaltepeque
391025;EL PARAISO ;PHOENIX;SV-CH-1066 El Paraiso
391026;MIRAMUNDO ;TORRECOM;Miramundo
391027;SAN MIGUEL DE MERCEDES ;TORRECOM;San Miguel de Mercedes
391028;AZACUALPA ;TORRECOM;TSVTF04363 AZACUALPA
391029;EL COYOLITO ;MOVISTAR;EL COYOLITO
391030;METAYATE ;SBA;ES58474-A Metayate
391031;SACARE;PHOENIX;SV-CH-1009 El Tunel
391032;LA PALMA 2;TORRECOM;TSVTF04365 LA PALMA 2
391034;EL NUCLEO 1 Y 2 ;PHOENIX;SV-CH-1011 El Dorado
391035;SANTA BARBARA ;SBA;ES76734-A Santa Barbara Tigo
391036;TILAPA;SBA;ES58556-A Tilapa
391037;AGUA CALIENTE 2;PHOENIX;SV-CH-1010 AGUA CALIENTE
391038;AGUA CALIENTE CHALATENANGO;SBA;ES63847-B Agua Caliente
391039;AMAYO ;SBA;ES58724-A Amayo
391040;CANTON EL ZAPOTAL;SBA;ES63855-B El Zapotal
391041;CHALATENANGO CENTRO ;VIVA OUTDOOR;412 Rooftop Chalatenango
391042;EL COYOLITO 2 ;SBA;ES58309-A El Coyolito
391044;OJOS DE AGUA;SBA;ES68102-B OJOS DE AGUA
391045;POTONICO;SBA;ES63848-B Potonico
391046;SAN IGNACIO ;SBA;ES58692-A San Ignacio
391047;EL TRIGALITO;TORRECOM;EL TRIGALITO
391048;ARCATAO;SBA;ES63857-B Arcatao
391049; CHALATENANGO DIGICEL;PHOENIX;SV-CH-1000 Chalatenango
391101;SAN VICENTE ;TORRECOM;TSVTF10367 SAN VICENTE
391102;CERRO GRANDE ;SBA;ES60472-A Cerro Grande
391103;APASTEPEQUE ;SBA;ES62498-A Apastepeque
391104;LA CEIBITA ;TORRECOM;TSVTF10368 LA CEIBITA 
391105;SAN SEBASTIAN (SAN VICENTE) ;MOVISTAR;San Sebastian San Vicente
391106;TEPETITAN ;TORRECOM;TSVTF10370 TEPETITAN
391107;TECOLUCA ;PHOENIX;SV-SV-1040 TECOLUCA 2
391108;QUEBRADA SECA ;SBA;ES62497-A Quebrada Seca
391109;TECOLUCA PUEBLO ;SBA;ES18E84-A Tecoluca 2 Sur
391110;SAN ILDEFONSO ;PHOENIX;SV-SV-1039 San Ildefonso
391111;SANTO DOMINGO ;SBA;ES58570-A Santo Domingo (San Vicente)
391112;APASTEPEQUE PUEBLO;PHOENIX;SV-SV-1005 Apastepeque
391113;SAN VICENTE 2 ;SBA;ES61312-B San Vicente 2
391114;SANTA CLARA ;PHOENIX;SV-SV-1038 San Felipe
391115;SAN ESTEBAN CATARINA ;SBA;ES58456-A San Esteban Catarina
391116;SAN LORENZO SAN VICENTE ;SBA;ES58463-A SAN LORENZO LA PAZ VOLCANO
391117;SANTA CLARA 2 ;SBA;ES18E33-A Santa Clara 2 (Ciudad)
391118;GUADALUPE;SBA;ES58537-A Guadalupe
391119;VERAPAZ ;SBA;ES18E10-A Verapaz
391120;APASTEPEQUE 2;SBA;ES58715-A Apastepeque Volcano
391121;DESVIO SAN FELIPE;SBA;ES68624-B Desv¡o San Felipe
391122;SAN CARLOS LEMPA ;SBA;ES18E19-A San Carlos Lempa
391123;SAN VICENTE 6 ;SBA;ES58255-A San Vicente 6
391124;TECOLUCA 2;SBA;ES63867-B Tecoluca 2
391125;SAN VICENTE CENTRO;TORRECOM;TSVTF10082 San Vicente Centro
391201;USULUTAN ;TORRECOM;TSVTF11371 USULUTAN
391202;PUERTO EL TRIUNFO ;TORRECOM;TSVTF11296 PUERTO EL TRIUNFO
391203;LA CONCORDIA ;TORRECOM;La Concordia
391204;MERCEDES UMA¥A ;TORRECOM;MERCEDES UMA¥A
391205;SANTIAGO DE MARIA ;SBA;ES61455-A Santiago de Maria
391206;SAN SIMON ;SBA;ES61456-A San Simon
391207;USULUTAN II ;TORRECOM;TSVTF11374 USULUTAN II
391208;EL CASTANO ;PHOENIX;SV-US-1076 El Casta¤o
391209;SAN FRANCISCO JAVIER ;TORRECOM;TSVTF11375 SAN FRANCISCO JAVIER
391210;SAN AGUSTIN ;PHOENIX;SV-US-1081 SAN AGUSTIN
391211;CALIFORNIA;TORRECOM;California
391212;JIQUILISCO ;TORRECOM;TSVTF11377 JIQUILISCO
391213;EL TRIUNFO (SAN BUENAVENTURA) ;TORRECOM;El Triunfo (San Buenaventura)
391214;JUCUARAN ;TORRECOM;TSVTF11297 JUCUARAN
391215;SANTA ELENA ;TORRECOM;TSVTF11379 SANTA ELENA
391216;EREGUAYQUIN ;PHOENIX;SV-US-1006 Ereguayquin
391217;SAN MARCOS LEMPA ;SBA;ES18E55-A San Marcos Lempa Beam
391218;BERLIN ;SBA;ES58277-A Berlin 2
391219;ALEGRIA ;SBA;ES58437-A Alegria
391220;VALLA CEMENTERIO USULUTAN ;VIVA OUTDOOR;232 Salida a Usulut n
391221;VALLA SANTA MARIA USULUTAN ;VIVA OUTDOOR;256 Usulut n
391222;USULUTAN 4 ;SBA;ES18E3D-A Usulutan 4
391223;CONCEPCION BATRES ;SBA;ES58580-A Concepcion Batres
391224;USULUTAN 5 ;SBA;ES58273-A Usulutan 5
391225;USULUTAN 6 ;SBA;ES58272-A Usulutan 6
391226;USULUTAN 9 ;SBA;ES18E68-A Usulutan 9
391227;GUALACHE;TETRA;Gualache
391228;EL ZAMORANO;SBA;ES58278-A El Zamorano
391229;ISLA MENDEZ;SBA;ES18E08-A Isla Mendez
391230;LA CANOA;SBA;ES58350-A La Canoa
391231;LA CRUZADILLA ;SBA;ES18E8E-A La Cruzadilla
391232;TIERRA BLANCA JIQUILISCO;SBA;ES58138-A Tierra Blanca Jiquilisco
391233;OZATLAN ;SBA;ES18E1C-A Ozatlan
391234;TECAPAN;TETRA;Tecapan
391235;EL ESPINO ;SBA;ES18E0E-A El Espino
391236;ESTANZUELAS;SBA;ES58595-A Estanzuelas
391237;PRESA 15 DE SEPTIEMBRE ;SBA;ES18DE6-A Presa 15 De Septiembre
391238;JUCUAPA ;SBA;ES58528-A Jucuapa, Usulutan
391239;PUERTO PARADA 1 ;TETRA;Puerto Parada 1
391240;PUERTO PARADA 2 ;TETRA;Puerto Parada 2
391241;ISLA SAN SEBASTIAN ;TETRA;Isla San Sebastian Isla San Sebastian
391242;BERLIN 2 ;SBA;ES58777-A Berlin
391243;JUCUARAN 2 ;SBA;ES18E66-A Jucuaran 2
391244;NUEVA GRANADA ;SBA;ES58594-A Nueva Granada
391245;SAN PEDRO ARENALES ;SBA;ES58351-A San Pedro Arenales
391246;USULUTAN 3;TORRECOM;TSVTF11100 Usulutan 3
391247;USULUTAN 10 ;TETRA;Usulutan 10
391248;USULUTAN 2 BYPASS;TORRECOM;TSVTF11099 Usulutan 2, By Pass
391249;JUCUAPA PUEBLO ;TORRECOM;TSVTF11043 Jucuapa Pueblo
391301;SAN FRANCISCO GOTERA;TORRECOM;TSVTF13380 SAN FRANCISCO GOTERA
391302;JOCORO ;MOVISTAR;Jocoro
391303;SESEMBRA/YAMABAL;SBA;ES61458-A Sesembra/Yamabal
391304;SAN CARLOS ;SBA;ES61459-A San Carlos
391305;SAN SIMON GUALOCOCTI ;SBA;ES61460-A San Simon Gualococti
391306;TOROLA ;SBA;ES61461-A Torola
391307;PERQUIN ;TORRECOM;TSVTF13382 PERQUIN
391308;SAN FERNANDO (MORAZAN);SBA;ES61462-A San Fernando (Morazan)
391309;DELICIAS DE CONCEPCION ;SBA;ES61463-A Delicias de Concepcion
391310;JOCOATIQUE;SBA;ES61464-A Jocoatique
391311;YOLOAIQUIN;SBA;ES61465-A Yoloaquin
391312;JOATECA;TORRECOM;TSVTF13383 JOATECA
391313;ARAMBALA ;SBA;ES68533-A Arambala
391314;SOCIEDAD ;PHOENIX;SV-MO-1051 Sociedad
391315;LOLOTIQUILLO ;TETRA;Lolotiquillo Lolotiquillo
391316;CACAOPERA;PHOENIX;SV-MO-1008 Cacaopera
391317;GOTERA 4 ;SBA;ES58297-A Gotera 4
391318;GUATAJIAGUA 2;SBA;ES58360-A Guatajiagua 2
391319;CHILANGA;SBA;ES58504-A Chilanga
391320;LLANO DE SANTIAGO;SBA;ES58172-A Llano De Santiago
391321;SAN PEDRO RIO SECO;SBA;ES58171-A San Pedro Rio Seco
391322;CACAHUATALEJO;SBA;ES58146-A Cacahuatalejo
391323;CORINTO 3 ;SBA;ES58305-A Corinto 3
391324;GOTERA CENTRO ;TETRA;San Francisco Gotera San Francisco Gotera
391325;LONGITUDINAL 18;SBA;ES63832-B Longitudinal 18
391326;LA ESTANCIA;SBA;ES63846-B La Estancia
391327;LAS MARIAS (DESVIO A SOCIEDAD);SBA;ES18E25-A Desvio A Sociedad (Las Marias)
391329;OSICALA 2;SBA;ES68107-B Oscicala 2
391330;SAN ISIDRO MORAZAN;SBA;ES18E5A-A San Isidro Morazan
391401;LA UNION;TORRECOM;TSVTF14384 LA UNION
391402;SANTA ROSA DE LIMA ;PHOENIX;SV-UN-1092 SANTA ROSA DE LIMA 3
391403;ANAMOROS ;PHOENIX;SV-UN-1093 ANAMOROS
391404;PASAQUINA ;SBA;ES61466-A Pasaquina
391405;EL TAMARINDO ;SBA;ES61467-A El Tamarindo
391406;SIRAMA ;SBA;ES61468-A Sirama
391407;CALAVERA ;SBA;ES61469-A Calavera
391408;EMBARCADERO ;PHOENIX;SV-UN-1091 EMBARCADERO
391409;HATO NUEVO ;SBA;ES61470-A Hato Nuevo
391410;NUEVA ESPARTA ;SBA;ES63794-B Nueva Esparta
391411;EL CARMEN LA UNION ;SBA;ES61471-A El Carmen La Union
391412;CONCHAGUA ;PHOENIX;SV-UN-1088 Conchagua
391413;PUERTO CUTUCO ;MOVISTAR;PUERTO CUTUCO 
391414;SAN JOSE LA FUENTE ;SBA;ES61472-A San Jose La Fuente
391415;YAYANTIQUE;SBA;ES61473-A Yayantique
391416;CONCEPCION DE ORIENTE ;PHOENIX;SV-CH-1064 Concepcion de Oriente
391417;BOLIVAR ;TORRECOM;TSVTF14385 BOLIVAR
391418;LA UNION 2 ;SBA;ES61474-A La Union 2
391419;CUTUCO ;PHOENIX;SV-UN-1089 Cutuco
391420;INTIPUCA ;SBA;ES58284-A Intipuca 2 Volcano
391421;SAN ALEJO ;PHOENIX;SV-UN-1010 San Alejo
391422;EL AMATILLO ;TETRA;El Amatillo El Amatillo
391424;EL SAUCE;PHOENIX;SV-UN-1007 El Sauce 2
391425;INTIPUCA 2;SBA;ES62528-A Intupuca 2
391426;EL CIPRES ;TORRECOM;TSVTF14386 EL CIPRES
391427;JOYA REDONDA ;TORRECOM;TSVTF14387 JOYA REDONDA
391428;PLAYAS NEGRAS ;SBA;ES62410-B Playas Negras
391429;SAN ALEJO 2;SBA;ES62409-B San Alejo 2
391431;DESVIO A BOLIVAR;SBA;ES58523-A Desvio De Bolivar (La Chorrera)
391432;CANTON EL MOGOTILLO ;SBA;ES18E52-A Canton El Mogotillo
391433;EL CUCO 2 (EL CUCO) ;SBA;ES18DFD-A El Cuco - Tigo
391434;EL TAMARINDO 2 ;SBA;ES58529-A TAMARINDO 2
391435;LAS CHACAS ;SBA;ES62415-B Las Chacas
391436;AGUA CALIENTE LA UNION;SBA;ES58302-A Agua Caliente, La Union
391437;AGUA ESCONDIDA YOLOGUAL ;SBA;ES18E63-A Agua Escondida
391438;CANTON EL RODEO SENSEMBRA;SBA;ES18E61-A Canton El Rodeo
391440;LA UNION 3 ;TESCO SA DE CV;SKY-00057 La Uni¢n 
391441;LA SIRENA ;SBA;ES69966-B LA SIRENA
391442;EL TABLON (VALLE AFUERA);SBA;ES68123-B El Tabl¢n, Valle Afuera
391443;GUERIPE;TETRA;Gueripe
391444;LA QUESADILLA;SBA;ES58158-A La Quezadilla - Tigo
391446;LOS MOJONES;SBA;ES58203-A Los Mojones
391447;LOS TERRERITOS;SBA;ES58204-A Terreritos
391448;NUEVA ESPARTA 2;SBA;ES58478-A Nueva Esparta 2 Ciudad
391449;OLOMEGA ;SBA;ES18E39-A Olomega
391450;PASAQUINA 2;TETRA;Pasaquina 4 Pasaquina 4
391451;PIEDRAS BLANCAS;SBA;ES18E0B-A Piedras Blancas
391452;PLAYITAS;SBA;ES18E24-A Playitas - Tigo
391453;POLOROS;SBA;ES58477-A Poloros, La Union
391454;SAN SEBASTIAN LAS MINAS;SBA;ES58300-A San Sebastian Las Minas
391455;SAN ROSA DE LIMA 3 ;SBA;ES57599-A SAN ROSA DE LIMA 3 
391456;TULIMA;SBA;ES58205-A Tulima - Tigo
391457;YUCUAIQUIN ;SBA;ES58497-A Yucuaiquin, La Union
391458;CERRO CONCHAGUA ;TORRECOM;TSVTF14302 CERRO CONCHAGUA
3970003;CERRO CACAHUATIQUE;TORRECOM;TSVTF13300 CERRO CACAHUATIQUE
3970008;CERRO PACHO;TORRECOM;CERRO PACHO
3970011;CERRO TORRECILLAS;TORRECOM;TSVTF14301 CERRO TORRECILLAS
390519;ILOBASCO LOS DESAMPARADOS;SITES;LOS DESAMPARADOS SV-02-0593-07
390520;SENSUNTEPEQUE 3;PHOENIX;SV-CA-1001 SENSUNTEPEQUE 
391251;SANTA MARIA USULUTAN;SITES;CTE SANTA MARIA SV-03-0293-06
391331;GOTERA CENTRO 2;SITES;GOTERA SV-03-0415-99
391459;EL PALMO (LA UNION);TETRA;EL PALMO (LA UNION) EL PALMO (LA UNION)
390257;SAPUYO;SITES;SAPUYO SV-02-0935-09
390258;SAN RAFAEL OBRAJUELO 2;TORRECOM;TSVTF08212 San Rafael Obrajuelo
390323;COJUTEPEQUE 4;TORRECOM;TSVDG07188 Cojutepeque Centro
390324;COJUTEPEQUE CENTRO;TORRECOM;TSVTF07193 Cojutepeque Centro 3
390326;EL CARMEN CUSCATLAN 2;TORRECOM;TSVTF07207 El Carmen Cuscatlan
390664;SAN MIGUEL 10 (MEGAPOLIS);TORRECOM;TSVDG12168 San Miguel 10
390665;VALLA METROCENTRO SAN MIGUEL;VIVA OUTDOOR;VALLA METROCENTRO SAN MIGUEL
391126;VERAPAZ 2;SBA;ES89251-B VERAPAZ NORTE
391250;USULUTAN 7;SBA;ES58271-A USULUTAN 7
391423;LA UNION 1 CLARO;SITES;LA UNION I SV-03-0552-98
390259;EL ACHIOTAL;SITES;EL ACHIOTAL SV-02-0332-08
390260;CUYULTITAN 2;SITES;CUYULTITAN SV-02-0313-07
390261;LAS HOJAS;SITES;LAS HOJAS SV-02-0567-07
390262;SANTA CRUZ CHACASTAL;TETRA;Santa Cruz Chacastal
390263;ROSARIO  DE LA PAZ 2;PHOENIX;SV-PA-1010 ROSARIO DE LA PAZ 
390264;EL PIMENTAL;TETRA;El Pimental
390265;IGLESIA OLOCUILTA;SBA;ES58095-R IGLESIA OLOCUILTA
390266;SAN MARCELINO 2;SBA;ES58623-A SAN MARCELINO
390267;SAN LUIS TALPA 2;TETRA;TBS02083 San Luis Talpa 2
390327;CA COJUTEPEQUE II;SITES;CA COJUTEPEQUE II SV-02-0099-04
390328;SANTA CRUZ MICHAPA 2;SITES;SANTA CRUZ MICHAPA I SV-02-0884-00
390666;PAPALON 2;SITES;EL PAPALON SV-03-0365-07
390667;CIUDAD PACIFICA 2;SITES;CIUDAD PACÖFICA III SV-03-0239-10
390668;TROPICO INN (Calle Fe y Alegria San Miguel);SITES;TROPICO INN SV-03-1043-02
390671;COLONIA SAN ANTONIO SAN MIGUEL;TETRA;COLONIA SAN ANTONIO SAN MIGUEL
390672;SAN MIGUEL 8;SITES;EL SITIO SV-03-0727-06
390673;COLONIA SANTA LUISA (SAN MIGUEL);SBA;ES58747-A SAN MIGUEL 4
391127;ASENTAMIENTO FENADESAL SUR SAN VICENTE;PHOENIX;SV-SV-1003 SAN VICENTE
391128;SAN EMIGDIO 2 (SAN VICENTE);SBA;ES69819-B San Francisco Agua Agria
391252;GEO BERLIN;SITES;CA BERLIN II SV-03-0096-08
391445;LISLIQUE;SITES;LISLIQUE SV-03-0583-05
391460;DESVIO LOS MANGOS (BOBADILLA);TORRECOM;TSVDG14156 BOBADILLA
391461;AMAPALITA;TETRA;Amapalita
391462;LA UNION 5;SBA;ES58208-A La Union 5
390244;COSTA DEL SOL IV (CLARO);SITES;COSTA DEL SOL IV SV-02-0264-09
390245;SANTIAGO NONUALCO CENTRO;PUBLIMOVIL;Santiago Nonualco Centro
390254;ZACATECOLUCA NORTE;PHOENIX;SV-PA-1071 Zacatecoluca
390268;SAN JOSE ARRIBA;TETRA;San Jose Arriba
390269;JALPONGUITA;SBA;ES58790-A JALPONGUITA
390270;CUYULTITAN 3;SITES;LA QUEZADILLA SV-02-0383-09
390271;PIEDRONAS;SITES;PIEDRONAS SV-02-0411-09
390272;COMALAPA CLARO;SITES;COMALAPA SV-02-0372-09
390273;SAN JUAN TALPA 2;SITES;SAN JUAN TALPA SV-02-0167-04
390274;SAN PEDRO NONUALCO 2;SBA;ES58597-A SAN PEDRO NONUALCO VOLCANO
390276;SANTIAGO NONUALCO AUTOPISTA;PHOENIX;San Rafael SV-PA-1007
390277;LAS GUARUMAS;SITES;LAS GUARUMAS SV-02-0288-08
390278;SANTA CRUZ PORRILLO;SITES;SANTA CRUZ PORRILLO SV-02-0159-04
390279;TECOLUCA NORTE;SITES;TECOLUCA SV-02-0161-04
390280;EL SALAMO (CLARO);SITES;EL SALAMO SV-02-0382-09
390281;CUPINCO II;SITES;CUPINCO II SV-02-0235-10
390283;ICHANMICHEN;SITES;ICHANMICHEN SV-02-0188-05
390317;COJUTEPEQUE NORTE;SBA;ES18E1E-A Cojutepeque 2
390617;QUELEPA 3;SITES;QUELEPA SV-03-0754-08
390659;LAS PLACITAS;SITES;LAS PLACITAS I SV-03-0706-05
390661;MILAGRO DE LA PAZ;TETRA;Milagro de La Paz
390669;JALACATAL;SBA;ES58732-A JALACATAL
391129;SAN CAYETANO ISTEPEQUE;TETRA;San Cayetano Istepeque
391130;CTE GUADALUPE;SITES;CTE GUADALUPE SV-02-1119-95
391131;SAN ESTEBAN CATARINA CLARO;SITES;SAN ESTEBAN CATARINA SV-02-0217-06
391132;SAN VICENTE 2 PHOENIX;PHOENIX;San Vicente 2 SV-SV-1006
391133;VERAPAZ CLARO;SITES;VERAPAZ SV-02-0178-04
391253;PUERTO EL TRIUNFO 2;SITES;PUERTO EL TRIUNFO SV-03-0931-03
391254;JIQUILISCO II;PHOENIX;SV-US-1078 Jiquilisco iI
391255;SAN MARCOS LEMPA 2;SBA;ES63829-B San Marcos Lempa
391256;TIERRA BLANCA II;SITES;TIERRA BLANCA II SV-03-0888-00
391257;USULUTAN SUR;SBA;ES68130-B Usulut n Sur
391430;CONCHAGUA POBLACION;SITES;CONCHAGUA POBLACION SV-03-0734-07
391439;CUTUCO 2;SBA;ES58791-A CUTUCO
391463;CARRETERA A CUTUCO;SBA;ES69968-B Carretera a Cutuco
5034;VALLA MAMA GALLINA;PUBLIMOVIL;VALLA MAMA GALLINA
5035;SAN MIGUEL 9;SBA;ES58645-A SAN MIGUEL 9 (FENADESAL)
5036;SAN MIGUEL 44;SBA;ES58280-A SAN MIGUEL 44
390285;SAN JUAN NONUALCO 2;SBA;ES58542-A SAN JUAN NONUALCO VOLCANO
390287;OLOCUILTA INTELFON;INTELFON;EBTS_087 OLOCUILTA
390288;LA SHUCA;SITES;SV-02-0543-11 La Shuca
390319;ICHANQUESO;SITES;ICHANQUESO SV-02-0182-05
390320;SUCHITOTO 2;SBA;ES18DD3-A Suchitoto
390670;CHAPARRASTIQUE ;SITES;CHAPARRASTIQUE SV-03-0722-06
390674;Mayucaqu¡n;KGI;MAYUCAQUIN
391033;CHALATENANGO 2;SBA;ES18E42-A Chalatenango 2
391050;CHALATENANGO 1 SBA;SBA;CHALATENANGO 1ÿ ES58819-A
391134;CHAMOCO;PHOENIX;SV-SV-1041 CHAMOCO
391136;DESVIO A SAN VICENTE;SBA;DESVIO SAN VICENTEÿ ES69030-B
391258;LA CRUZADILLA 2;TETRA;TBS02068 Concordia
391259;JIQULISCO 3;SBA;ES69038-B Jiquilisco 5
391260;EREGUAYQUIN 2;TETRA;TBS02087 Ereguayqu¡n
390286;EL PEDREGAL SITES;SITES;SV-02-0366-11 El Pedregal
390289;ISLETAS 2;SITES;SV-02-0568-10 Isletas II
390290;LA ZORRA;SITES;SV-02-0336-08 La Zorra
390325;COJUTEPEQUE SUR;VIVA OUTDOOR;122 COJUTEPEQUE CENTRO
390329;CANTON EL CARMEN 2;TETRA;CANTON EL CARMEN 2
390330;MIRAFLORES ARRIBA;TETRA;MIRAFLORES ARRIBA
390331;SANTA CRUZ MICHAPA 3;PHOENIX;SV-CU-1001 Santa Cruz Michapa
390333;SAN NICOLµS COJUTEPEQUE;TETRA;TBS02082 San Nicol s
390335;SAN AGUSTÖN ILOPANGO;TETRA;DT020134 San Agust¡n Ilopango
390525;LLANITOS CABA¥AS;TETRA;TBS02004 Llanitos Caba¤as
390675;RUTA MILITAR 1;PHOENIX;SV-SM-1129 Ruta Militar
390682;AGUA ZARCA 2;KGI;SBSM0102 Agua Zarca
391051;CHALATENANGO 3;VIVA OUTDOOR;433 Chalatenango
391052;SAN ANTONIO LOS RANCHOS 2;PHOENIX;SV-CH-1004 San Antonio Los Ranchos
391135;AMAPULAPA;SITES;SV-02-0290-08 Amapulapa
391137;AGUA CALIENTE SAN VICENTE;SITES;SV-02-0390-04  Agua Caliente San Vicente
391138;TECOLUCA 3;PHOENIX;SV-SV-1002 Tecoluca
391261;SANTA MARIA II;SITES;SV-03-1145-22 Santa Mar¡a II
391262;USULUTAN NORTE;SITES;SV-03-0691-04 Usulutan Norte
391266;COLONIA SANTA MARÖA USULUTAN;KGI;Colonia Santa Maria
391465;LOS ANGELES CONCHAGUA;TETRA;4-051-SV Los Angeles Conchagua
391468;LA LEONA INTIPUCA;TETRA;TBS02049 La Leona

